{"cameraMode":{"drawMode":0,"name":"Shaded","section":"Shading Mode"},"sceneLighting":false,"audioPlay":false,"sceneViewState":{"showFog":true,"showMaterialUpdate":false,"showSkybox":true,"showFlares":true,"showImageEffects":true,"showParticleSystems":true},"in2DMode":false,"pivot":{"x":361.21087646484377,"y":107.66817474365235,"z":-31.179357528686525},"rotation":{"x":0.0027173066046088936,"y":0.013798109255731106,"z":-0.00003680053123389371,"w":0.9999011754989624},"size":358.7538146972656,"orthographic":false}